cg00473025,cg00745463,cg01603311,cg01653459,cg02051981,cg02173085,cg02956165,cg03831047,cg03960701,cg04158140,cg04221836,cg05521474,cg05669709,cg06205244,cg07074586,cg07699084,cg08713543,cg08871809,cg08876558,cg09607178,cg10660913,cg11387492,cg11587748,cg11784395,cg12361190,cg12399165,cg13426340,cg14427382,cg15004555,cg15156367,cg15495580,cg15656347,cg15831722,cg15882280,cg18969162,cg19729503,cg19863955,cg19984503,cg20368377,cg20924269,cg21759734,cg22998206,cg23319427,cg23367987,cg23663318,cg24141198,cg24256946,cg24836826,cg25001845,cg26296769,obesity
0.425234558,0.821538937,0.483011938,0.702948886,0.578997927,0.550280209,0.714694656,0.720578208,0.55530346,0.491355442,0.656538794,0.703405607,0.582505519,0.496570003,0.553828882,0.329776341,0.581101978,0.091920375,0.658304785,0.739251815,0.568938853,0.570935796,0.480304847,0.625085793,0.704458063,0.84559784,0.714120434,0.578060466,0.678712631,0.702377331,0.771523759,0.770428016,0.597450478,0.596762633,0.760531445,0.53003337,0.647422141,0.624336359,0.568086643,0.688134351,0.311498485,0.571300944,0.597158379,0.923134263,0.751543912,0.470570342,0.095783351,0.937908147,0.627900797,0.507661127,No
0.417720407,0.8132802,0.405626551,0.634247284,0.550649537,0.502200833,0.65310836,0.649429967,0.549399815,0.450717523,0.613869977,0.689749609,0.548900463,0.413203261,0.530520118,0.32950151,0.510230769,0.067037135,0.567386364,0.647402545,0.524696264,0.44526579,0.424192963,0.579828212,0.662664662,0.81308074,0.651941173,0.55431131,0.59844058,0.68104417,0.702890275,0.664614236,0.561613056,0.473408328,0.718183071,0.50974026,0.608306443,0.585597447,0.498970705,0.675450555,0.289442864,0.558514516,0.560147849,0.904636261,0.719454606,0.416504042,0.100511073,0.303297031,0.592713876,0.461089771,Yes
0.458092045,0.831077802,0.486008584,0.70164437,0.555236729,0.557305337,0.704440824,0.769230769,0.570673344,0.481902596,0.664863456,0.709165303,0.570336391,0.528829263,0.579227869,0.352335914,0.563688936,0.108733661,0.725476215,0.768997823,0.570552147,0.510144636,0.496368715,0.606915451,0.716443659,0.838587863,0.713391883,0.555770421,0.673323537,0.726940927,0.774387151,0.770913902,0.580413727,0.582759287,0.770240491,0.550772627,0.660421412,0.662259347,0.627864063,0.704230177,0.326933936,0.577205882,0.557129367,0.928351458,0.757778902,0.460976282,0.103437561,0.922457368,0.607319863,0.521695951,No
0.410992709,0.808205606,0.487009956,0.712302383,0.561248253,0.592080385,0.672819315,0.783578692,0.584751773,0.481937277,0.646950536,0.72194355,0.589100555,0.514209422,0.591300324,0.337843552,0.550484771,0.101885391,0.708173077,0.751295337,0.54532381,0.499928643,0.446928611,0.638494187,0.696984089,0.859715743,0.721941139,0.558912703,0.710738081,0.702455564,0.785376219,0.76136637,0.578490598,0.584713855,0.795425594,0.535192909,0.653942676,0.642641862,0.593230404,0.680510848,0.331991478,0.569019571,0.615892291,0.929145838,0.74232159,0.455391352,0.095902644,0.937313433,0.606483192,0.518003914,No
0.430152725,0.846403192,0.598413781,0.750520583,0.585548484,0.706589574,0.732284703,0.821185423,0.703966006,0.561036339,0.678343949,0.812495379,0.620716178,0.642997543,0.708570264,0.342052063,0.635989606,0.094471947,0.75877262,0.734304247,0.596927463,0.584693141,0.477183668,0.64112944,0.741330038,0.836363636,0.726260134,0.712076061,0.772322738,0.745636683,0.863895867,0.816286343,0.608501294,0.670406382,0.802827922,0.559621451,0.697315307,0.678980384,0.713294934,0.735123275,0.362630454,0.592838002,0.631288543,0.938939218,0.781211467,0.564171677,0.115553624,0.389721627,0.668888433,0.651934967,No
0.387839231,0.786624916,0.427213385,0.615631463,0.495410521,0.47777455,0.640360059,0.627841748,0.460017704,0.436780061,0.638259293,0.665401111,0.559503881,0.456081081,0.480937608,0.309938237,0.505654963,0.077287066,0.594878609,0.580797336,0.525397495,0.468317455,0.432081746,0.54836532,0.642575558,0.790457395,0.66335113,0.515089986,0.590240373,0.677957634,0.715958693,0.718083493,0.507532957,0.479765636,0.703765791,0.4944078,0.621842587,0.58245321,0.47813321,0.64188012,0.285986741,0.539654345,0.50896861,0.913535009,0.701103902,0.41858539,0.083712883,0.304424779,0.586505343,0.471701287,Yes
0.461866611,0.839326795,0.492716367,0.7256102,0.582648722,0.590005373,0.715230295,0.794987923,0.58705424,0.482976429,0.647461484,0.76494173,0.580531224,0.476587854,0.572632246,0.361130666,0.585773688,0.091454139,0.753935788,0.765193922,0.568117542,0.531139965,0.509489051,0.616694462,0.735769204,0.849620802,0.733689653,0.556096681,0.706134671,0.724426093,0.768889276,0.802825879,0.608826279,0.580437316,0.792847255,0.532538737,0.655371748,0.68483816,0.64747155,0.688535478,0.340684691,0.598313804,0.642865239,0.928585667,0.745031974,0.49201999,0.097638901,0.858372514,0.635624538,0.527908146,No
0.399113879,0.78954918,0.407338017,0.640187281,0.516055678,0.509162832,0.62110452,0.620640457,0.522877879,0.455201342,0.599780802,0.654155723,0.551991047,0.43600286,0.522489667,0.29563891,0.504544122,0.080524795,0.44803198,0.593573844,0.513385582,0.459150733,0.43236451,0.560685118,0.630846126,0.796573137,0.671094244,0.553454692,0.575802001,0.673776435,0.686194549,0.722200945,0.547410558,0.48633434,0.688625939,0.495847432,0.578964375,0.575675226,0.492594676,0.641667824,0.285163989,0.566236488,0.522864096,0.906651959,0.711223315,0.395377504,0.089192894,0.779830508,0.566616118,0.45314915,Yes
0.459953116,0.844483512,0.505324715,0.727927429,0.594349856,0.602884672,0.747392051,0.783520789,0.670097508,0.494928065,0.666474396,0.761959308,0.586396823,0.513116208,0.605365915,0.346724103,0.595376131,0.091986007,0.748151468,0.765042742,0.553265785,0.566371681,0.470202952,0.63741683,0.730390995,0.882153288,0.747473473,0.605656977,0.701353754,0.732817757,0.787459143,0.784732824,0.623703274,0.589854111,0.797287555,0.591937918,0.662640207,0.688801376,0.656833081,0.7015812,0.33716235,0.591932641,0.621099864,0.940303227,0.745853628,0.557217543,0.113032338,0.858214244,0.628730803,0.571506001,No
0.401890482,0.791285948,0.394304664,0.639781151,0.508358663,0.493040465,0.654807337,0.662949505,0.568562792,0.433474189,0.621959237,0.658595769,0.533725947,0.449049849,0.515870626,0.315559979,0.537862306,0.0743083,0.547894583,0.676763144,0.549427011,0.441123674,0.408674124,0.573741611,0.656667292,0.792633126,0.657329199,0.536414566,0.603883153,0.688109481,0.703551807,0.714297352,0.584743875,0.492142088,0.71981663,0.527517698,0.615295656,0.584904972,0.491616453,0.649216354,0.272203517,0.554251463,0.57194277,0.916554802,0.718268329,0.36276908,0.094073123,0.32772425,0.580291689,0.480567759,Yes
0.391139871,0.816815287,0.429662008,0.656693774,0.55252809,0.537588567,0.682149712,0.740418118,0.583997722,0.492546986,0.642133512,0.692324395,0.575843278,0.491020525,0.543891638,0.306579014,0.538844762,0.067458043,0.634693053,0.704950158,0.554160297,0.521580484,0.462884785,0.602992037,0.688813975,0.833333333,0.699808443,0.549143944,0.653653525,0.692060637,0.746551991,0.769941456,0.585798457,0.539727744,0.754849413,0.511070591,0.664340205,0.619203922,0.539432418,0.681686041,0.280807513,0.566433566,0.591851322,0.925361227,0.742187967,0.445632365,0.086716383,0.305777055,0.6408,0.487363818,Yes
0.381509558,0.80208965,0.377666248,0.626431516,0.492584987,0.490317583,0.623493976,0.632792134,0.543811198,0.452374621,0.606250892,0.658547363,0.53671163,0.431099023,0.507896703,0.304869651,0.500924078,0.074454429,0.530189026,0.633900067,0.54222779,0.476081551,0.398721036,0.557002003,0.659445195,0.779705616,0.630021716,0.542793141,0.549098305,0.642588727,0.68516404,0.622376362,0.537274162,0.51530046,0.708828061,0.480954677,0.600815189,0.565422645,0.511472533,0.654870159,0.281465683,0.532805152,0.544140423,0.903654142,0.717933878,0.412122718,0.100579722,0.295879157,0.554987825,0.439070244,Yes
0.44088586,0.841306742,0.55938728,0.731103422,0.572793149,0.595718343,0.751897533,0.809578481,0.621196581,0.500431203,0.688890499,0.742170796,0.585731367,0.556752412,0.586350062,0.343050104,0.608645972,0.094443314,0.744014229,0.749986626,0.593559617,0.543153632,0.495303694,0.617239192,0.736830172,0.852037551,0.751663255,0.585783004,0.734264571,0.7508647,0.819457437,0.8250305,0.605552424,0.606388138,0.790406303,0.547198385,0.674575163,0.676617677,0.636938202,0.692116475,0.330770747,0.585874254,0.649710831,0.929458997,0.763348285,0.532776692,0.113283247,0.923039186,0.621787619,0.571634399,No
0.409767781,0.805636799,0.409263208,0.670791731,0.533158948,0.498351611,0.660961297,0.676450418,0.560410781,0.453253012,0.608120724,0.694041769,0.546724546,0.473128019,0.507217991,0.315950239,0.514853071,0.080882353,0.622463945,0.65953736,0.554689449,0.494708344,0.429663609,0.576149797,0.653669238,0.813393382,0.678504219,0.537158073,0.631132783,0.679248666,0.70262865,0.742481782,0.538471338,0.535155558,0.729984529,0.481492537,0.63876346,0.601518412,0.504724889,0.661611535,0.280690299,0.560598787,0.539726947,0.910551735,0.73552492,0.416912074,0.084939731,0.333277676,0.569137931,0.468190624,Yes
0.425056536,0.827639898,0.471761501,0.713139827,0.557069929,0.56643856,0.683722726,0.731766943,0.596138375,0.463772603,0.677650708,0.714575163,0.592485002,0.538474,0.581160591,0.3423952,0.554296724,0.101590685,0.674685566,0.746564885,0.561199373,0.546405868,0.46529304,0.639208544,0.707727088,0.866289486,0.714930316,0.585462994,0.661184211,0.698352011,0.778183886,0.823511004,0.609663667,0.562407132,0.78324048,0.564462417,0.662568928,0.637634325,0.56979405,0.689708785,0.302315718,0.570923089,0.610395054,0.940976778,0.748649507,0.501054534,0.098316984,0.847497968,0.599890274,0.51899652,No
0.445793047,0.861919887,0.591501278,0.740616782,0.567750241,0.71884984,0.72994403,0.797532426,0.710749186,0.5642904,0.64752296,0.783407786,0.614173228,0.572242709,0.715230769,0.368616363,0.615469964,0.103233831,0.771422756,0.754467354,0.595434002,0.628824834,0.481263078,0.615767635,0.731366869,0.851234156,0.703487666,0.655965757,0.768719245,0.757890058,0.832588177,0.815042076,0.611598711,0.609033906,0.783858998,0.544027565,0.678095238,0.677387394,0.717694183,0.722311738,0.356036636,0.591674777,0.612085358,0.92693594,0.722012103,0.532201218,0.1026963,0.82938042,0.638527094,0.629085927,No
0.411787923,0.804814893,0.440135587,0.67194387,0.527800568,0.525899339,0.652338493,0.661201212,0.54361115,0.40776883,0.59065368,0.660707529,0.538848784,0.459375606,0.499808429,0.333588424,0.536650142,0.072588235,0.614672045,0.699031667,0.508919383,0.477410754,0.416777148,0.575672588,0.664096335,0.821899927,0.667773192,0.570276374,0.597935242,0.674830235,0.692992339,0.704111096,0.556573876,0.527472527,0.743645002,0.478672986,0.625787835,0.611057343,0.526706387,0.692907441,0.278179448,0.55863758,0.565165245,0.902551289,0.694978533,0.407549808,0.079479515,0.314659579,0.583343067,0.478910776,Yes
0.391385072,0.788804381,0.446948357,0.680824706,0.550413327,0.533782772,0.633765342,0.69909231,0.522947926,0.430709577,0.60416853,0.668486552,0.517300725,0.48457514,0.501560716,0.313594976,0.509747292,0.077477127,0.610315186,0.702440584,0.543933697,0.48631262,0.409769484,0.573787304,0.660697972,0.798464699,0.651445726,0.550699479,0.62857649,0.650737189,0.725707728,0.740518732,0.591473988,0.500438532,0.710142106,0.475332349,0.619365609,0.616167269,0.506416785,0.656593383,0.284735812,0.536126658,0.538021487,0.899812077,0.686406222,0.413254966,0.090981266,0.29493622,0.569733239,0.442523684,Yes
0.37628866,0.789258611,0.431629013,0.634335155,0.50137099,0.537761926,0.645755139,0.646143876,0.510607382,0.457008547,0.606026786,0.669628577,0.544259171,0.463291139,0.5085485,0.319659965,0.511190598,0.081724743,0.640168624,0.584560063,0.519578985,0.462485422,0.407150133,0.518916155,0.65349722,0.812973548,0.654625164,0.510435301,0.601918465,0.649316509,0.698878857,0.76942773,0.534856075,0.491041334,0.710176169,0.513551566,0.59853266,0.5733716,0.522185987,0.655292972,0.321974291,0.554744526,0.530831099,0.899546756,0.709661647,0.429196624,0.093945546,0.310683425,0.565445651,0.491679123,Yes
0.411584764,0.779745129,0.425136872,0.646746348,0.550054548,0.557672396,0.663731602,0.650032573,0.547914318,0.449186467,0.646614153,0.68623535,0.567859245,0.469596462,0.563608777,0.303756784,0.52102902,0.07433645,0.607608914,0.685366952,0.5456049,0.516689057,0.443612541,0.584110319,0.680858916,0.82662596,0.694354871,0.559102016,0.604142166,0.699981853,0.703128603,0.720825336,0.55510308,0.53519794,0.753333911,0.508209746,0.626472878,0.595794687,0.535461992,0.669201887,0.301838357,0.560640634,0.558495822,0.903853643,0.737958234,0.415730337,0.090031173,0.781618024,0.588737634,0.494226328,Yes
0.382631519,0.781213873,0.390197283,0.639484675,0.527826667,0.505477308,0.627028166,0.62902435,0.522817104,0.433743934,0.588005423,0.657272477,0.545454832,0.423046691,0.498320678,0.302846082,0.530748884,0.085660199,0.5407911,0.639234612,0.531063708,0.484203103,0.410718257,0.572067948,0.654349935,0.775806796,0.607656154,0.548532505,0.555216323,0.657781224,0.678005865,0.651668755,0.575298175,0.47407307,0.671594684,0.455746773,0.596284789,0.558698934,0.464736706,0.648276488,0.25778513,0.553061536,0.539405607,0.90758061,0.723074439,0.385671242,0.093035619,0.80377411,0.545898915,0.447039909,Yes
0.416570287,0.838243171,0.518759488,0.722981366,0.574992747,0.569491525,0.707743679,0.789768977,0.637385087,0.51259636,0.669709668,0.728656298,0.576104068,0.541975424,0.591426752,0.345305137,0.574440777,0.109766722,0.7109265,0.71869725,0.576640315,0.569201015,0.493200457,0.594202899,0.737687117,0.86377739,0.720519341,0.595502392,0.703758483,0.723903256,0.777997626,0.802588997,0.595328467,0.559922263,0.773561141,0.533118333,0.657821406,0.674032592,0.638648422,0.701441409,0.305602716,0.574641445,0.617121715,0.938852254,0.753073695,0.506242307,0.105203296,0.848913805,0.615757897,0.530308465,No
0.397018397,0.772521024,0.400931443,0.621619539,0.54647654,0.510188848,0.590964405,0.639671528,0.495361781,0.476909281,0.586661847,0.659044715,0.528075823,0.415567911,0.511557789,0.299632242,0.497051942,0.090042047,0.510134279,0.664060934,0.53481037,0.474957276,0.402541767,0.532883642,0.644578313,0.797783617,0.637868818,0.531185338,0.578205328,0.627677736,0.695285858,0.657800144,0.546238838,0.517257143,0.675127506,0.4934574,0.618779525,0.538390474,0.503855575,0.6500483,0.267540984,0.545072845,0.511719215,0.891081506,0.709450288,0.360987654,0.091254939,0.296875,0.556005357,0.437051423,Yes
0.380297679,0.807652046,0.425383722,0.679851752,0.549055253,0.514870762,0.662336735,0.722582738,0.53633682,0.429805903,0.621047808,0.674241429,0.561250095,0.453060492,0.532045303,0.312096284,0.499199756,0.070454322,0.632167153,0.68417018,0.535464747,0.531461643,0.450432015,0.584000712,0.6876903,0.822382042,0.676794506,0.530859887,0.590233119,0.69005096,0.669242176,0.733345602,0.574035788,0.507189542,0.748495293,0.541357842,0.62793906,0.597412834,0.529384256,0.674692082,0.301294093,0.550362717,0.59446093,0.917547569,0.738034188,0.43008615,0.075637867,0.838924422,0.608764569,0.491694901,Yes
0.367352719,0.785171606,0.41966076,0.597065665,0.521029527,0.466068264,0.613460393,0.646233693,0.507166483,0.448613189,0.624945644,0.648173861,0.534910231,0.379136881,0.500704434,0.272787318,0.502688376,0.056374534,0.570228867,0.598497002,0.514455537,0.456282289,0.36890371,0.565007899,0.658406957,0.766475948,0.616860666,0.550163221,0.551327921,0.674583452,0.682447375,0.652086288,0.515208595,0.479277679,0.700419245,0.43874092,0.603059036,0.552050615,0.47792976,0.655467465,0.272761905,0.551974045,0.515846761,0.89614508,0.70124805,0.361939825,0.086349988,0.782871276,0.579334898,0.399920603,Yes
0.458315288,0.842774234,0.519209354,0.734706617,0.604750616,0.561988633,0.768459949,0.799460432,0.641655886,0.476339643,0.682241874,0.74942609,0.603578854,0.572218608,0.611608301,0.358932815,0.59537021,0.104605318,0.704932077,0.779364666,0.592922544,0.559311616,0.512673929,0.665671676,0.718667019,0.869159733,0.72353066,0.618406188,0.695113862,0.738138991,0.83548787,0.78902818,0.641807494,0.552962649,0.79831814,0.586675826,0.68926929,0.669375425,0.623490042,0.711612998,0.327085108,0.593298481,0.645733629,0.943451212,0.760993366,0.546129032,0.100280088,0.423747081,0.652150496,0.549533612,No
0.374892741,0.805193082,0.441897912,0.673978519,0.545425064,0.495565129,0.675831486,0.676698073,0.509366637,0.487175073,0.590160656,0.679875067,0.55970491,0.462390591,0.501661691,0.313520413,0.528596313,0.069388881,0.558992095,0.689212463,0.534030571,0.513255567,0.454169348,0.583123323,0.67061948,0.849292895,0.659695973,0.550363014,0.605373279,0.697068454,0.756081946,0.727517553,0.59214864,0.533135089,0.736188491,0.476253884,0.645512361,0.615104673,0.516165499,0.681117888,0.283140081,0.545080742,0.57263327,0.918164523,0.718782218,0.462913315,0.109812548,0.806102886,0.573371307,0.457096178,Yes
0.398365188,0.811511505,0.479635258,0.693391479,0.515060617,0.544467425,0.678814083,0.700546267,0.527920541,0.430568267,0.632355654,0.681900648,0.546371288,0.471918583,0.571570741,0.315664845,0.528783116,0.048593608,0.671049336,0.741923366,0.537030004,0.496481732,0.464199163,0.588916831,0.688074027,0.835759312,0.70375369,0.560119048,0.63599493,0.696908602,0.734767025,0.76011994,0.573061864,0.535678138,0.753240919,0.487624409,0.646919601,0.611287661,0.536673998,0.682537251,0.275622529,0.534094208,0.571465764,0.890320884,0.715163594,0.47503201,0.071975922,0.814000449,0.586412512,0.488007554,Yes
0.425005244,0.804172407,0.424245743,0.650329238,0.557585958,0.502360605,0.631231372,0.639670469,0.579498484,0.46166239,0.645708183,0.677603281,0.551404555,0.454045562,0.54529595,0.295017775,0.493538294,0.121619083,0.583980873,0.566895625,0.553308073,0.493878377,0.430410298,0.597663855,0.666391558,0.80216757,0.66664978,0.52626928,0.577884137,0.668635687,0.702833032,0.715205825,0.584426182,0.476402189,0.72895373,0.508513576,0.638974566,0.581620464,0.516545544,0.650628357,0.295864209,0.573403717,0.539123347,0.918714469,0.721779425,0.3923843,0.104359439,0.292515056,0.589344135,0.488576699,No
0.395114504,0.814939568,0.437992791,0.668716578,0.547554073,0.512381925,0.665894806,0.700596311,0.548232475,0.452995274,0.624983009,0.68518734,0.540857164,0.476988961,0.534128128,0.312429725,0.510711493,0.072743363,0.58437812,0.633567737,0.515679238,0.482035601,0.433525224,0.589353612,0.679322626,0.830984498,0.690836474,0.531229291,0.622257552,0.680974529,0.694758029,0.746741528,0.565433213,0.549057454,0.748491131,0.497433265,0.620954094,0.599672654,0.548211037,0.684464801,0.284937419,0.575910082,0.57514148,0.920491523,0.741670971,0.425113464,0.091845807,0.335105575,0.608001241,0.479954195,Yes
0.398751135,0.786545225,0.400778785,0.64423816,0.538129973,0.502709871,0.639105229,0.681024595,0.558278867,0.435306951,0.611914089,0.682924277,0.565402672,0.488854181,0.515085606,0.314206966,0.532371046,0.094267332,0.571460128,0.663091175,0.52682686,0.508054925,0.412405303,0.557009191,0.645173176,0.832237605,0.659835221,0.564702309,0.609651096,0.692616775,0.710359943,0.741061476,0.555832595,0.533866639,0.72567866,0.523084134,0.645076283,0.595920945,0.496204934,0.685483871,0.291846486,0.553708578,0.537326821,0.920667681,0.735756775,0.440950288,0.096773882,0.821043352,0.568948575,0.456701235,Yes
0.434832962,0.824267352,0.482760602,0.69054639,0.556668893,0.581102736,0.696929767,0.764885496,0.599334304,0.480063978,0.654173971,0.689715218,0.574127442,0.516317992,0.597003525,0.363079897,0.569898912,0.101334329,0.719012953,0.720781975,0.580285483,0.550465219,0.48235094,0.625065235,0.724471927,0.866924252,0.748058629,0.571137936,0.673627021,0.736727425,0.775270631,0.767915154,0.601805746,0.562478892,0.771071758,0.567829905,0.656417182,0.663931113,0.598014333,0.68872004,0.325962135,0.584658298,0.62598637,0.937369247,0.768233208,0.498138034,0.105433932,0.392077878,0.620113953,0.551846731,No
0.414270869,0.797892126,0.426381437,0.658100472,0.541243422,0.483737558,0.628791274,0.67037929,0.495004541,0.435887193,0.615735168,0.673227466,0.533533534,0.458866256,0.516366669,0.326774213,0.49771439,0.085239927,0.569193418,0.639302304,0.510705614,0.483460242,0.415342203,0.568463561,0.658162821,0.780967314,0.678673194,0.542372881,0.568823206,0.670993806,0.751528088,0.709826335,0.576018995,0.46598541,0.690390543,0.495829738,0.632400431,0.570151274,0.485263556,0.652659902,0.282728707,0.556694903,0.541691377,0.911363716,0.719022827,0.413341187,0.08717833,0.799031657,0.583096503,0.459708663,Yes
0.4599849,0.857834046,0.562332024,0.787286791,0.56883304,0.689258002,0.700229929,0.804193548,0.635120925,0.527100151,0.688675624,0.775165385,0.598193293,0.595426561,0.689910793,0.352747611,0.606945338,0.122048768,0.712054847,0.750394446,0.575355369,0.590351759,0.500957854,0.641586867,0.753556324,0.855514282,0.712421163,0.666666667,0.763671404,0.749268483,0.834165532,0.85842319,0.601220559,0.611934626,0.7836035,0.525462963,0.67029472,0.686180708,0.726945444,0.726245443,0.352025796,0.600364015,0.577087142,0.9282224,0.749411303,0.544588515,0.110321519,0.848569435,0.6875,0.634733096,No
0.428854489,0.837706454,0.467459276,0.682250693,0.579940476,0.58513385,0.717142409,0.737907762,0.566301097,0.448608788,0.632838867,0.709181653,0.567006077,0.505979451,0.597333333,0.306627947,0.54064356,0.074826609,0.700780696,0.742219917,0.558358513,0.524686809,0.454464551,0.62772736,0.729280864,0.83377032,0.686439371,0.555820948,0.671474149,0.71750231,0.765142747,0.7225844,0.593719008,0.573554789,0.785006749,0.510111681,0.648847442,0.661264099,0.606670614,0.680786844,0.31373117,0.56031259,0.594449097,0.921653059,0.721429633,0.447991761,0.091578463,0.337586747,0.605573849,0.540587977,Yes
0.444566612,0.865757491,0.549479471,0.727010232,0.586881221,0.603379904,0.723484621,0.795125254,0.67726224,0.508148767,0.671864705,0.771356033,0.600892853,0.547181298,0.632131565,0.360217066,0.577809343,0.100152844,0.764670174,0.748003305,0.574597219,0.543172512,0.440626398,0.624725033,0.768119921,0.847570332,0.762490911,0.59189301,0.756289847,0.7465599,0.809433814,0.82816568,0.617707905,0.599516649,0.81175069,0.567592254,0.71843332,0.689435142,0.671505207,0.699382393,0.33626943,0.603932261,0.581388915,0.941896424,0.766718507,0.51042471,0.103044538,0.456707544,0.6404234,0.556144729,No
0.345469366,0.77092297,0.388815636,0.630310559,0.50234842,0.471805614,0.597710225,0.659141753,0.504392387,0.431828069,0.595234886,0.644709046,0.499665807,0.427480916,0.514965398,0.316869877,0.482689466,0.080878915,0.602316602,0.645174594,0.498317065,0.467256637,0.399716914,0.568039499,0.628330227,0.809164802,0.60926167,0.507235255,0.573835756,0.64225563,0.714715091,0.746017355,0.538949275,0.439809297,0.688584913,0.471012007,0.579229888,0.565423647,0.515154693,0.657976608,0.261821359,0.507389681,0.511163829,0.90905755,0.701896143,0.399441898,0.075462974,0.800398742,0.51081171,0.451583619,Yes
0.407588176,0.805849263,0.481987578,0.690014102,0.583560067,0.546346455,0.689028253,0.772175672,0.584607775,0.465898737,0.662628085,0.706600695,0.584958599,0.525607354,0.54211728,0.334364367,0.522686025,0.084397044,0.656674069,0.719167252,0.551987857,0.510923845,0.464212679,0.610803913,0.702738811,0.859033883,0.703685314,0.54798983,0.649294033,0.70328862,0.75885779,0.77836085,0.593399115,0.511762486,0.760488109,0.534519073,0.638370952,0.618958411,0.562019417,0.682638734,0.346364133,0.593425135,0.576723875,0.915291032,0.728592163,0.48270654,0.095076212,0.811566067,0.617773367,0.510325132,No
0.425052854,0.826766526,0.468350168,0.693944577,0.582212295,0.59138427,0.717810992,0.722905394,0.565050038,0.531049534,0.659700585,0.724746065,0.580777274,0.515647114,0.562214423,0.340378321,0.555523535,0.116310372,0.662538287,0.721187427,0.553527981,0.561057887,0.485929161,0.605173255,0.726275105,0.857696512,0.701521877,0.597247338,0.685771439,0.723296134,0.792555556,0.804399264,0.636250246,0.558608901,0.772535805,0.539549502,0.658308639,0.659313614,0.638891562,0.7022191,0.367722674,0.572954406,0.602798135,0.941223114,0.742225191,0.544755877,0.116933458,0.475218659,0.636124097,0.53300696,No
0.397280825,0.811298349,0.392850493,0.609963792,0.525550613,0.499579533,0.640088747,0.645795311,0.502808158,0.492467103,0.613670029,0.671810267,0.555935098,0.390505565,0.53811347,0.311303701,0.527018436,0.088201604,0.54265916,0.659681228,0.557239389,0.457881568,0.386729151,0.568391277,0.657503017,0.776863413,0.659594247,0.56061674,0.58689498,0.650057085,0.668164858,0.708602585,0.563403667,0.490599224,0.714469749,0.490582696,0.622657876,0.548405823,0.480002957,0.623057627,0.268322173,0.554844565,0.51231011,0.910406866,0.741945063,0.474996129,0.099240161,0.824439633,0.528297528,0.484612866,Yes
0.441060127,0.840704111,0.542273798,0.730671347,0.594081381,0.610831721,0.734161068,0.779878314,0.659206081,0.501851016,0.658961039,0.740021827,0.588703903,0.571630632,0.591944378,0.351445898,0.557255882,0.103220563,0.759561129,0.758147714,0.59348575,0.582283915,0.512570965,0.624741659,0.749979607,0.865673277,0.730474073,0.583057011,0.717851806,0.7235966,0.807675997,0.819216991,0.621754556,0.601864871,0.796247294,0.558356941,0.707974138,0.681566391,0.664606934,0.709966431,0.312585571,0.585690688,0.619985086,0.932913536,0.754915907,0.512303776,0.109147473,0.379154796,0.649251428,0.578458972,No
0.407349492,0.791572041,0.421568627,0.642606639,0.530919497,0.521963619,0.640196827,0.675066756,0.482,0.438527995,0.624731375,0.644453746,0.546508517,0.434932067,0.540314315,0.319066148,0.501073262,0.057544476,0.588564168,0.674485126,0.524732006,0.464879852,0.440794763,0.561035396,0.650872818,0.797728974,0.651707317,0.527476436,0.597694379,0.677285007,0.707107244,0.678335373,0.557789329,0.502115324,0.715652338,0.499545592,0.61946071,0.59229291,0.494377087,0.664110121,0.299979786,0.552560647,0.525174742,0.906498058,0.722674703,0.419509995,0.087379196,0.795149517,0.597929249,0.451726641,Yes
0.431997795,0.810920169,0.45435819,0.722256622,0.556502154,0.568196586,0.691004915,0.767649806,0.594038748,0.460324646,0.671421514,0.722441705,0.583610188,0.539832781,0.544944505,0.342582908,0.548879276,0.09124031,0.663411231,0.743681679,0.551391507,0.51012191,0.484991292,0.61674043,0.7065339,0.841203159,0.708374333,0.578250629,0.673091279,0.703641544,0.757855989,0.781735167,0.610919143,0.565289807,0.772092828,0.615195476,0.667738321,0.639233599,0.599071847,0.68897099,0.321932093,0.59274489,0.612683783,0.940933432,0.745372932,0.482512779,0.097664797,0.83713519,0.614320586,0.543394516,No
0.387169967,0.7921009,0.399111,0.606343147,0.52107416,0.462288234,0.587214166,0.618715305,0.516714697,0.427502268,0.608475958,0.663629,0.570915912,0.397384306,0.502586385,0.308121703,0.488969964,0.088877705,0.524236038,0.579018727,0.524585836,0.442528736,0.395878864,0.561946903,0.656082256,0.769246415,0.640098059,0.531867036,0.564109965,0.654959316,0.722304284,0.648609566,0.560689224,0.500304527,0.696022123,0.471038251,0.60660737,0.557595499,0.471070849,0.641556266,0.278684164,0.565696649,0.513347481,0.903389921,0.704489921,0.398170197,0.100238046,0.793463777,0.574161773,0.457011464,Yes
0.351216814,0.769012955,0.40462002,0.627419722,0.53192906,0.477625502,0.633349827,0.633507853,0.5,0.428786737,0.59078433,0.639926091,0.516986325,0.431403153,0.49921775,0.277386518,0.492815466,0.091377602,0.517795023,0.604634954,0.51071477,0.445032412,0.348544974,0.538115654,0.637467398,0.789694224,0.611707245,0.519856381,0.565909808,0.639901636,0.695764909,0.662454874,0.572357019,0.450111951,0.687482061,0.485059761,0.593685473,0.550505546,0.516768812,0.64345586,0.234775641,0.528579157,0.498725264,0.900486387,0.69665991,0.342306561,0.077970476,0.776373057,0.542110627,0.46188159,Yes
0.369136528,0.776655696,0.39652598,0.653426137,0.507598495,0.482893966,0.628289855,0.668503753,0.575433833,0.424980409,0.604649577,0.653621212,0.54931461,0.42657242,0.504100907,0.317627385,0.495210487,0.068408973,0.55006502,0.630642133,0.528101686,0.454921339,0.398166048,0.600016269,0.639383232,0.79260478,0.653093315,0.540638717,0.57434809,0.650724918,0.678647957,0.661831369,0.571359923,0.4709808,0.712011845,0.523339318,0.614639607,0.583708865,0.512153796,0.656363545,0.274550202,0.546981527,0.530105928,0.914493479,0.704548468,0.373682858,0.093534741,0.324279835,0.550816219,0.451143317,Yes
0.334133165,0.769970234,0.415781179,0.617142528,0.533249803,0.504385713,0.611581845,0.633132783,0.498933902,0.415010758,0.632757518,0.690176707,0.537266207,0.412178297,0.489468047,0.324601804,0.498083726,0.078988571,0.535717612,0.59620466,0.517458101,0.461682069,0.380684356,0.550851746,0.660727543,0.78956373,0.639222836,0.529484536,0.585010188,0.687359937,0.696788706,0.644811249,0.563882591,0.496268444,0.721286441,0.454545455,0.615518268,0.559610883,0.505249761,0.647808239,0.266708878,0.548262852,0.489770614,0.922129695,0.717091295,0.347701149,0.088774675,0.316306223,0.577833493,0.433890578,Yes
0.435782967,0.853940615,0.524106541,0.731928491,0.572756504,0.577266818,0.723029839,0.757048381,0.647163753,0.469260955,0.666530546,0.733312441,0.574309186,0.567660343,0.6121155,0.313437295,0.603387507,0.107259582,0.74738676,0.725086655,0.573894737,0.511743681,0.475212543,0.593574755,0.728525456,0.852312171,0.734998079,0.634381285,0.755875663,0.740605051,0.802405675,0.813438257,0.602492749,0.605514316,0.772233729,0.588154432,0.654532426,0.663891779,0.6595109,0.699213152,0.310668343,0.573564766,0.606621844,0.930075578,0.754517083,0.560138782,0.102923019,0.385536511,0.605780347,0.545985401,No
0.562071255,0.859547423,0.600906208,0.747280185,0.616057338,0.687657431,0.726503305,0.802011173,0.593365436,0.516447876,0.681273593,0.790248897,0.58457924,0.596365498,0.6661592,0.370299145,0.587971384,0.09819258,0.729128015,0.75014637,0.572435897,0.630318691,0.497429872,0.633546651,0.756676795,0.857722988,0.73001912,0.696089385,0.760659224,0.760939684,0.853746305,0.821809931,0.609727365,0.649104235,0.82287928,0.556838055,0.680205385,0.672964358,0.731909684,0.732875907,0.376140351,0.59735564,0.668293599,0.945097807,0.804978143,0.546196367,0.095505637,0.835792516,0.661652395,0.567014194,No
0.398379864,0.853231184,0.513870416,0.672831515,0.542566532,0.56374502,0.690885417,0.743993698,0.58317757,0.447416707,0.646501594,0.723788638,0.567647339,0.563640049,0.577694236,0.328513833,0.546816087,0.079827645,0.747785978,0.72944195,0.554456344,0.52433055,0.449741215,0.593147527,0.724079703,0.829020064,0.653227659,0.567798595,0.690083058,0.724289117,0.802326934,0.776894776,0.585056704,0.576407999,0.773644435,0.491940484,0.652159713,0.649857221,0.666898551,0.707094031,0.294694721,0.554720552,0.596625998,0.915961278,0.711717586,0.485272303,0.069634761,0.39312698,0.612233188,0.544901436,Yes
0.500174034,0.855167341,0.574011506,0.739715987,0.602808154,0.659312805,0.694433752,0.822939068,0.659502262,0.569711328,0.685286696,0.793791574,0.651937458,0.581485053,0.694454782,0.365507907,0.57970315,0.116919487,0.680412371,0.764287874,0.566326531,0.593178622,0.501248128,0.619904891,0.759035125,0.847291252,0.731465137,0.6419033,0.757124068,0.753214136,0.848437721,0.80008673,0.624332978,0.639536987,0.792820328,0.612002791,0.713321976,0.684478372,0.69782551,0.73376774,0.371253107,0.606974717,0.645572139,0.943752737,0.770139995,0.540062435,0.104587156,0.37977183,0.686915888,0.622195513,No
0.408588298,0.815655659,0.443325951,0.696635121,0.57763329,0.511953478,0.681901161,0.766835154,0.586575133,0.484707776,0.647714305,0.718172485,0.59103408,0.488056367,0.564342902,0.314906272,0.545762108,0.086797473,0.625991792,0.721837575,0.555521808,0.553797468,0.442086649,0.624704957,0.691659303,0.84010426,0.686340831,0.567998322,0.673096373,0.700985808,0.79316305,0.747138587,0.614377455,0.482195526,0.778329697,0.521091811,0.655607202,0.641174546,0.542543623,0.687933426,0.313326551,0.560483548,0.559359606,0.934027244,0.726338449,0.493263473,0.093169379,0.333609409,0.605275002,0.495789995,Yes
0.464595223,0.841461385,0.54736245,0.736615318,0.593446221,0.672979329,0.730474392,0.798602746,0.626939351,0.537356029,0.637347028,0.773861646,0.60797817,0.630814913,0.639199376,0.365341522,0.578252485,0.092119213,0.658199138,0.749075117,0.608035077,0.626414318,0.527249215,0.634771465,0.736756405,0.83810424,0.684576238,0.658841639,0.765536024,0.72172515,0.81177394,0.813122172,0.611058512,0.658523104,0.7653181,0.550179928,0.685257763,0.676214451,0.701248799,0.70144908,0.365270506,0.575609135,0.661872048,0.932069063,0.73010603,0.520563704,0.104591587,0.829223067,0.688153898,0.590541295,No
0.371221044,0.789419987,0.406479431,0.641323959,0.523965032,0.48918308,0.637190342,0.638609966,0.474722222,0.462961773,0.620497825,0.656074987,0.574758903,0.435748799,0.506705466,0.320329336,0.516385303,0.043931074,0.573439924,0.63297251,0.52704979,0.488934993,0.434060721,0.575567315,0.651029592,0.804356515,0.628018506,0.542830852,0.576953074,0.684447456,0.712348071,0.697549202,0.573569899,0.484663334,0.716110556,0.514176663,0.620889428,0.548336527,0.499743869,0.669200091,0.260094129,0.567921734,0.491205491,0.90473561,0.719604544,0.424549054,0.090764277,0.804020101,0.563333911,0.454588052,Yes
0.387093023,0.762539103,0.393628031,0.638855055,0.515390253,0.467294193,0.596099113,0.65338331,0.467824311,0.430138099,0.581711139,0.645522388,0.552395643,0.486938545,0.478599222,0.301217177,0.494509115,0.085249314,0.517295189,0.573702352,0.509780723,0.469338277,0.399279712,0.555138122,0.618424963,0.793148567,0.61848835,0.527322404,0.588225212,0.637271808,0.66253074,0.669087501,0.548933708,0.485387925,0.664553314,0.474333333,0.619624839,0.570004382,0.500288684,0.640917222,0.279260567,0.539369878,0.474470397,0.887954504,0.703338316,0.453864832,0.09205866,0.305184935,0.561185369,0.454086181,Yes
0.427940364,0.838852687,0.518844567,0.707168343,0.589561692,0.552289951,0.723448537,0.760987107,0.602645026,0.484011732,0.675895652,0.753133928,0.589643415,0.510345748,0.597892069,0.357194805,0.549133427,0.099245154,0.768452234,0.722105647,0.576286527,0.547579849,0.482578875,0.618775236,0.723031876,0.85654393,0.736728262,0.59675024,0.650412334,0.737659082,0.773110705,0.779777207,0.601418812,0.607894906,0.800018897,0.542979582,0.688521579,0.688911659,0.634433962,0.697601348,0.318666346,0.58977454,0.62103985,0.939247748,0.731090777,0.558473401,0.101447025,0.859324387,0.643568397,0.550740979,No
0.412124343,0.794035745,0.422479509,0.655075939,0.501360809,0.521331946,0.640117329,0.632770197,0.507271926,0.435861212,0.646135715,0.692014251,0.53661245,0.4579043,0.540098601,0.301327988,0.498930126,0.097954588,0.623022767,0.662603165,0.576823648,0.475681302,0.437796318,0.600756859,0.671533307,0.82376559,0.695048989,0.533839244,0.583776514,0.693172723,0.664147412,0.707134375,0.586204919,0.496896404,0.744845138,0.545559135,0.628414144,0.595260547,0.547837996,0.676295954,0.321408473,0.555075921,0.559390684,0.910169856,0.728517384,0.43575419,0.083425939,0.823746357,0.578765238,0.504159157,Yes
0.372688069,0.776138132,0.394073393,0.612145019,0.520204924,0.480974524,0.599557432,0.580274955,0.423790776,0.434193934,0.609259554,0.652715593,0.535088373,0.398547802,0.496503048,0.297738623,0.497793947,0.085624191,0.512904547,0.597840643,0.506598286,0.447554479,0.386927851,0.563969742,0.653374464,0.768132942,0.632467452,0.534615385,0.555432908,0.655705833,0.659076814,0.682051282,0.573189626,0.464561146,0.700679329,0.491965389,0.606512742,0.540658363,0.504623987,0.675327851,0.28302367,0.547384029,0.524969549,0.903827918,0.696679296,0.363864177,0.083670777,0.791859389,0.562762208,0.437208964,Yes
0.404689193,0.806667713,0.424918557,0.659593564,0.578501768,0.504574366,0.654356981,0.667840541,0.5525,0.453717754,0.639272776,0.68021015,0.578156238,0.410111586,0.559119953,0.31862564,0.518639188,0.085341796,0.594244452,0.649549769,0.54535865,0.517428168,0.401281806,0.584185963,0.67717371,0.830467543,0.686219791,0.539033457,0.625572313,0.674183481,0.717331262,0.678587888,0.579966172,0.518663075,0.743516621,0.487687366,0.60177091,0.607760713,0.520734784,0.678766746,0.297178737,0.544900999,0.563106796,0.907144897,0.734606669,0.440855584,0.097028459,0.316590563,0.61291736,0.470121058,Yes
0.374865526,0.785510808,0.412311835,0.627276406,0.509676361,0.502388946,0.605642917,0.65005988,0.499882048,0.423952826,0.615489233,0.649838621,0.549451359,0.451722338,0.514579082,0.317514248,0.465299564,0.089920092,0.566783915,0.600263852,0.526707692,0.458264663,0.406202384,0.559500166,0.662760368,0.803951368,0.674418605,0.513463938,0.535177999,0.649389799,0.678375741,0.661702556,0.566545505,0.526084224,0.69729537,0.459153411,0.598712178,0.544668718,0.49540518,0.63469425,0.276556314,0.56118418,0.49924812,0.869657802,0.706706775,0.366931186,0.079388533,0.76256818,0.545074471,0.443302863,Yes
0.447456015,0.863964992,0.614565626,0.763888889,0.603729024,0.741896517,0.785817545,0.777178602,0.682154171,0.534004246,0.676977322,0.817970275,0.630109952,0.601472995,0.741495076,0.358462946,0.689351963,0.10193247,0.722093791,0.793495023,0.644162339,0.685135135,0.467624914,0.639951225,0.774965057,0.86951631,0.723847787,0.725271059,0.780513919,0.775726243,0.859555238,0.789091342,0.653982927,0.68185146,0.817652402,0.594192879,0.723381099,0.684726962,0.729694941,0.737484515,0.34725744,0.600817645,0.709377739,0.935663835,0.767394696,0.578104717,0.097815174,0.849927181,0.692160996,0.65222378,No
0.433852654,0.811369336,0.45752059,0.683016657,0.552738279,0.504751519,0.659188217,0.720825386,0.548411787,0.439448585,0.632781718,0.682503426,0.554091715,0.470384615,0.549588919,0.321091933,0.540973613,0.081623886,0.655387743,0.701333072,0.552324267,0.492410004,0.463620528,0.571918816,0.678315644,0.804795295,0.670146463,0.562207031,0.621074537,0.697995594,0.737622751,0.709207386,0.576102121,0.493489122,0.737839919,0.510423672,0.637038551,0.611245186,0.535449219,0.67749616,0.286598356,0.564622231,0.711200645,0.917162691,0.739442874,0.427828781,0.079164619,0.82131259,0.611315736,0.485957776,Yes
0.348581597,0.774626699,0.395133116,0.59166164,0.488921713,0.498673153,0.610580456,0.613444086,0.50617284,0.415679489,0.593544243,0.63700919,0.533333333,0.430298959,0.483661914,0.297297297,0.473227207,0.054640382,0.545015523,0.601258894,0.469290014,0.446477786,0.36250262,0.551229703,0.627465606,0.744618034,0.612655934,0.509911894,0.566409408,0.658421786,0.706207441,0.696,0.5536266,0.52155477,0.678792657,0.432706223,0.610065106,0.539722393,0.478379271,0.626558908,0.250485608,0.535048921,0.47507823,0.892220098,0.693693694,0.353395512,0.08197201,0.777366203,0.543560058,0.401865268,Yes
0.428430418,0.827317917,0.459439021,0.667096424,0.562191874,0.564997507,0.692366225,0.756901022,0.562308165,0.469140837,0.661830027,0.697306866,0.599572413,0.547081452,0.581489352,0.333294304,0.547571357,0.084791129,0.727893838,0.761633713,0.553561014,0.527066929,0.459745328,0.606470533,0.702554745,0.8347202,0.709205695,0.586028095,0.663227595,0.711782552,0.766890339,0.80420343,0.597479774,0.568993181,0.753183972,0.581342435,0.667588723,0.63053833,0.566499046,0.693724763,0.322366576,0.579906798,0.637981501,0.927266988,0.727023609,0.458039816,0.095960072,0.829472647,0.616124059,0.50364156,No
0.377547282,0.785744157,0.398548733,0.646513756,0.526495726,0.503967354,0.594012661,0.613108108,0.537069988,0.431498395,0.608646669,0.664104242,0.564113566,0.429872015,0.527155315,0.315302558,0.516489053,0.073331897,0.488629738,0.602576442,0.541284895,0.462756662,0.426844243,0.562084645,0.634792251,0.799659284,0.618827969,0.540490746,0.579896907,0.655365813,0.685495184,0.694337496,0.535315757,0.459827532,0.679741033,0.465279584,0.627276469,0.561359297,0.508316566,0.63399387,0.285776311,0.553276449,0.523581747,0.900579339,0.726750109,0.400619286,0.113227286,0.814306602,0.554073191,0.432072918,Yes
0.459292277,0.838661413,0.521853035,0.706325481,0.566641994,0.568738684,0.705135494,0.779652151,0.625931842,0.507212068,0.675952992,0.756663546,0.591008978,0.511676402,0.597660888,0.351186853,0.577580262,0.099749763,0.720706086,0.748647558,0.585325683,0.539138083,0.493729553,0.612183447,0.73037323,0.842832731,0.735704254,0.575653515,0.709196848,0.732011336,0.779204108,0.802510944,0.60369197,0.596322242,0.79357179,0.531537753,0.702376783,0.67322918,0.627182444,0.714336283,0.324897454,0.592056318,0.610681658,0.941030179,0.748498999,0.480078563,0.106736363,0.858618815,0.628782238,0.550238573,No
0.431146606,0.821780258,0.4773901,0.714018692,0.547299407,0.57731327,0.676175571,0.723207847,0.602525556,0.465087195,0.657875826,0.699561037,0.602789731,0.534214758,0.548003282,0.330641593,0.510267895,0.086460765,0.67468954,0.74778943,0.560718789,0.525898273,0.481598777,0.596619773,0.678959069,0.85394362,0.694489127,0.557248695,0.676057396,0.708938631,0.793409611,0.833610254,0.588087895,0.555194805,0.761667226,0.55413643,0.652547359,0.63194134,0.565304924,0.688908257,0.334102872,0.565304813,0.595908574,0.928315826,0.754454909,0.478906999,0.097532573,0.931932103,0.664397549,0.519413287,No
0.465866614,0.845423371,0.594972759,0.738092438,0.574189526,0.688778673,0.75507385,0.821758569,0.680295287,0.551617874,0.652507042,0.76863631,0.596551317,0.620150188,0.697954123,0.338423555,0.62202208,0.092759598,0.75065445,0.776146789,0.571168068,0.604057855,0.568302153,0.608760713,0.734140784,0.859657469,0.711256995,0.710217755,0.733723781,0.737895128,0.823161189,0.808334898,0.607512806,0.610236666,0.797900729,0.552482001,0.681532967,0.686746988,0.696485623,0.718335318,0.356720203,0.577963636,0.668628733,0.945520876,0.751609195,0.567345784,0.110798122,0.419657648,0.653312051,0.571543022,No
0.432715834,0.825852342,0.484796623,0.705920935,0.57669993,0.566113337,0.717126932,0.749451086,0.605695228,0.497853558,0.674750444,0.732807245,0.579603823,0.492701131,0.579508338,0.345427861,0.56155673,0.100057741,0.700785707,0.71404697,0.571368064,0.538525098,0.467331587,0.608535688,0.71962973,0.838829071,0.729883038,0.556801709,0.65177923,0.70304841,0.774011299,0.76864421,0.60671986,0.576507651,0.797364117,0.532214765,0.68699187,0.652217657,0.598274427,0.711683183,0.322965073,0.59579325,0.576449912,0.925571779,0.745984052,0.507350862,0.113450076,0.855969752,0.606047075,0.520382033,No
0.391837576,0.787052902,0.41551213,0.64931004,0.52979426,0.491633246,0.603595144,0.655327664,0.533774532,0.422181867,0.61853232,0.6262124,0.520488426,0.398485251,0.519900007,0.322934596,0.490711971,0.09035264,0.63113822,0.647477361,0.477272727,0.471064586,0.433021229,0.565429688,0.659876319,0.785274274,0.637585461,0.498769667,0.560608784,0.664813223,0.677110124,0.724634698,0.555427016,0.52015443,0.710541124,0.470603338,0.595570283,0.534653019,0.481167539,0.645387296,0.28146494,0.543034249,0.534264311,0.908093968,0.731463878,0.44238991,0.093962385,0.800794702,0.571550038,0.466578476,Yes
0.429680502,0.878293848,0.581582678,0.753263785,0.569384138,0.64239564,0.710396756,0.787246994,0.67392622,0.557404326,0.666967726,0.815027969,0.617484096,0.538028576,0.647449504,0.346954813,0.624259654,0.100655738,0.763203651,0.760308793,0.596020608,0.576750792,0.486198706,0.609930771,0.783114814,0.860596369,0.74010707,0.626986783,0.763186773,0.753727914,0.825575314,0.830908308,0.606537056,0.655998467,0.809480754,0.540530158,0.715078061,0.708337049,0.702491333,0.726823428,0.355657468,0.600816621,0.670761671,0.93785698,0.746546877,0.528300789,0.095709915,0.856700843,0.638016174,0.612034384,No
0.390011398,0.786444735,0.426674555,0.629160389,0.529411765,0.51003756,0.626259893,0.671124375,0.450590898,0.43828289,0.623197161,0.669322709,0.547725177,0.425666516,0.518329071,0.298208988,0.496298124,0.088076338,0.565131883,0.645760634,0.486428952,0.483327903,0.416545568,0.571070467,0.643097595,0.807878725,0.617510595,0.523327465,0.577153762,0.633736769,0.68000731,0.722648017,0.571477034,0.491091453,0.709797856,0.426038942,0.611871867,0.581541735,0.488588041,0.645684664,0.275010941,0.555504838,0.532580463,0.904756991,0.710290159,0.393061279,0.097839017,0.805997428,0.587323812,0.43225132,Yes
